{
    "results": {
        "tool": {
            "name": "pytest",
            "version": "8.4.1"
        },
        "summary": {
            "tests": 2,
            "passed": 2,
            "failed": 0,
            "skipped": 0,
            "pending": 0,
            "other": 0,
            "start": 1775076130.5542684,
            "stop": 1775076130.609492
        },
        "tests": [
            {
                "name": "test_outputs.py::test_summary_file_exists",
                "status": "passed",
                "duration": 0.0004889840001851553,
                "start": 1775076130.6080177,
                "stop": 1775076130.608718,
                "retries": 0,
                "file_path": "test_outputs.py"
            },
            {
                "name": "test_outputs.py::test_summary_structure_and_counts",
                "status": "passed",
                "duration": 0.0003847089992632391,
                "start": 1775076130.6088693,
                "stop": 1775076130.6093583,
                "retries": 0,
                "file_path": "test_outputs.py"
            }
        ]
    }
}