{
    "results": {
        "tool": {
            "name": "pytest",
            "version": "8.4.1"
        },
        "summary": {
            "tests": 2,
            "passed": 2,
            "failed": 0,
            "skipped": 0,
            "pending": 0,
            "other": 0,
            "start": 1775096236.7334313,
            "stop": 1775096236.7864103
        },
        "tests": [
            {
                "name": "test_outputs.py::test_summary_file_exists",
                "status": "passed",
                "duration": 0.00034864100598497316,
                "start": 1775096236.7852147,
                "stop": 1775096236.7857218,
                "retries": 0,
                "file_path": "test_outputs.py"
            },
            {
                "name": "test_outputs.py::test_summary_structure_and_counts",
                "status": "passed",
                "duration": 0.0003429710050113499,
                "start": 1775096236.7858572,
                "stop": 1775096236.7863014,
                "retries": 0,
                "file_path": "test_outputs.py"
            }
        ]
    }
}