{
    "results": {
        "tool": {
            "name": "pytest",
            "version": "8.4.1"
        },
        "summary": {
            "tests": 2,
            "passed": 2,
            "failed": 0,
            "skipped": 0,
            "pending": 0,
            "other": 0,
            "start": 1775066740.3136244,
            "stop": 1775066740.35971
        },
        "tests": [
            {
                "name": "test_outputs.py::test_recovery_file_exists",
                "status": "passed",
                "duration": 0.00037003099987487076,
                "start": 1775066740.3585885,
                "stop": 1775066740.3591142,
                "retries": 0,
                "file_path": "test_outputs.py"
            },
            {
                "name": "test_outputs.py::test_password_match",
                "status": "passed",
                "duration": 0.00028938999957972555,
                "start": 1775066740.3592386,
                "stop": 1775066740.3596144,
                "retries": 0,
                "file_path": "test_outputs.py"
            }
        ]
    }
}