{
    "results": {
        "tool": {
            "name": "pytest",
            "version": "8.4.1"
        },
        "summary": {
            "tests": 1,
            "passed": 1,
            "failed": 0,
            "skipped": 0,
            "pending": 0,
            "other": 0,
            "start": 1775097501.2651942,
            "stop": 1775097501.3112273
        },
        "tests": [
            {
                "name": "test_outputs.py::test_move_correct",
                "status": "passed",
                "duration": 0.0003837589974864386,
                "start": 1775097501.3105693,
                "stop": 1775097501.3111033,
                "retries": 0,
                "file_path": "test_outputs.py"
            }
        ]
    }
}