{
    "results": {
        "tool": {
            "name": "pytest",
            "version": "8.4.1"
        },
        "summary": {
            "tests": 2,
            "passed": 2,
            "failed": 0,
            "skipped": 0,
            "pending": 0,
            "other": 0,
            "start": 1775081762.1686592,
            "stop": 1775081762.220532
        },
        "tests": [
            {
                "name": "test_outputs.py::test_solution_file",
                "status": "passed",
                "duration": 0.0004670230009651277,
                "start": 1775081762.2191346,
                "stop": 1775081762.2198114,
                "retries": 0,
                "file_path": "test_outputs.py"
            },
            {
                "name": "test_outputs.py::test_solution_content",
                "status": "passed",
                "duration": 0.0003494910015433561,
                "start": 1775081762.2199569,
                "stop": 1775081762.220399,
                "retries": 0,
                "file_path": "test_outputs.py"
            }
        ]
    }
}