{
    "results": {
        "tool": {
            "name": "pytest",
            "version": "8.4.1"
        },
        "summary": {
            "tests": 1,
            "passed": 1,
            "failed": 0,
            "skipped": 0,
            "pending": 0,
            "other": 0,
            "start": 1775046761.0153582,
            "stop": 1775046761.3859396
        },
        "tests": [
            {
                "name": "test_outputs.py::test_sshpass",
                "status": "passed",
                "duration": 0.31901659600407584,
                "start": 1775046761.0660746,
                "stop": 1775046761.3855755,
                "retries": 0,
                "file_path": "test_outputs.py"
            }
        ]
    }
}