{
    "results": {
        "tool": {
            "name": "pytest",
            "version": "8.4.1"
        },
        "summary": {
            "tests": 2,
            "passed": 2,
            "failed": 0,
            "skipped": 0,
            "pending": 0,
            "other": 0,
            "start": 1775078127.1786773,
            "stop": 1775078127.229408
        },
        "tests": [
            {
                "name": "test_outputs.py::test_recovery_file_exists",
                "status": "passed",
                "duration": 0.00036177800029690843,
                "start": 1775078127.2261372,
                "stop": 1775078127.226673,
                "retries": 0,
                "file_path": "test_outputs.py"
            },
            {
                "name": "test_outputs.py::test_password_match",
                "status": "passed",
                "duration": 0.002369989000726491,
                "start": 1775078127.2268083,
                "stop": 1775078127.2292864,
                "retries": 0,
                "file_path": "test_outputs.py"
            }
        ]
    }
}