{
    "results": {
        "tool": {
            "name": "pytest",
            "version": "8.4.1"
        },
        "summary": {
            "tests": 2,
            "passed": 2,
            "failed": 0,
            "skipped": 0,
            "pending": 0,
            "other": 0,
            "start": 1775058538.4069004,
            "stop": 1775058538.4225602
        },
        "tests": [
            {
                "name": "test_outputs.py::test_output_file_exists",
                "status": "passed",
                "duration": 0.0005060299881733954,
                "start": 1775058538.421055,
                "stop": 1775058538.4217577,
                "retries": 0,
                "file_path": "test_outputs.py"
            },
            {
                "name": "test_outputs.py::test_output_is_correct",
                "status": "passed",
                "duration": 0.00037923100171610713,
                "start": 1775058538.4219203,
                "stop": 1775058538.422414,
                "retries": 0,
                "file_path": "test_outputs.py"
            }
        ]
    }
}