{
    "results": {
        "tool": {
            "name": "pytest",
            "version": "8.4.1"
        },
        "summary": {
            "tests": 1,
            "passed": 1,
            "failed": 0,
            "skipped": 0,
            "pending": 0,
            "other": 0,
            "start": 1775101694.506711,
            "stop": 1775101694.5596328
        },
        "tests": [
            {
                "name": "test_outputs.py::test_json_data",
                "status": "passed",
                "duration": 0.0005482150008901954,
                "start": 1775101694.5587332,
                "stop": 1775101694.5594852,
                "retries": 0,
                "file_path": "test_outputs.py"
            }
        ]
    }
}