{
    "results": {
        "tool": {
            "name": "pytest",
            "version": "8.4.1"
        },
        "summary": {
            "tests": 2,
            "passed": 2,
            "failed": 0,
            "skipped": 0,
            "pending": 0,
            "other": 0,
            "start": 1775095712.2868228,
            "stop": 1775095712.3443685
        },
        "tests": [
            {
                "name": "test_outputs.py::test_about_file",
                "status": "passed",
                "duration": 0.00046459800068987533,
                "start": 1775095712.3430321,
                "stop": 1775095712.343666,
                "retries": 0,
                "file_path": "test_outputs.py"
            },
            {
                "name": "test_outputs.py::test_layout_file",
                "status": "passed",
                "duration": 0.0003541370024322532,
                "start": 1775095712.3438146,
                "stop": 1775095712.344261,
                "retries": 0,
                "file_path": "test_outputs.py"
            }
        ]
    }
}