{
    "results": {
        "tool": {
            "name": "pytest",
            "version": "8.4.1"
        },
        "summary": {
            "tests": 1,
            "passed": 1,
            "failed": 0,
            "skipped": 0,
            "pending": 0,
            "other": 0,
            "start": 1774987978.3153942,
            "stop": 1774987978.376101
        },
        "tests": [
            {
                "name": "test_outputs.py::test_json_data",
                "status": "passed",
                "duration": 0.0005864550003025215,
                "start": 1774987978.3750963,
                "stop": 1774987978.3759372,
                "retries": 0,
                "file_path": "test_outputs.py"
            }
        ]
    }
}