{
    "results": {
        "tool": {
            "name": "pytest",
            "version": "8.4.1"
        },
        "summary": {
            "tests": 2,
            "passed": 2,
            "failed": 0,
            "skipped": 0,
            "pending": 0,
            "other": 0,
            "start": 1775095991.407445,
            "stop": 1775095991.4196148
        },
        "tests": [
            {
                "name": "test_outputs.py::test_output_file_exists",
                "status": "passed",
                "duration": 0.0003763880013138987,
                "start": 1775095991.418387,
                "stop": 1775095991.4189312,
                "retries": 0,
                "file_path": "test_outputs.py"
            },
            {
                "name": "test_outputs.py::test_output_is_correct",
                "status": "passed",
                "duration": 0.0003214720018149819,
                "start": 1775095991.4190834,
                "stop": 1775095991.4195008,
                "retries": 0,
                "file_path": "test_outputs.py"
            }
        ]
    }
}