{
    "results": {
        "tool": {
            "name": "pytest",
            "version": "8.4.1"
        },
        "summary": {
            "tests": 1,
            "passed": 1,
            "failed": 0,
            "skipped": 0,
            "pending": 0,
            "other": 0,
            "start": 1775100523.5494478,
            "stop": 1775100523.8624814
        },
        "tests": [
            {
                "name": "test_outputs.py::test_sshpass",
                "status": "passed",
                "duration": 0.26535319100366905,
                "start": 1775100523.5965123,
                "stop": 1775100523.8622038,
                "retries": 0,
                "file_path": "test_outputs.py"
            }
        ]
    }
}