{
    "results": {
        "tool": {
            "name": "pytest",
            "version": "8.4.1"
        },
        "summary": {
            "tests": 2,
            "passed": 2,
            "failed": 0,
            "skipped": 0,
            "pending": 0,
            "other": 0,
            "start": 1775045923.863375,
            "stop": 1775045923.9276452
        },
        "tests": [
            {
                "name": "test_outputs.py::test_about_file",
                "status": "passed",
                "duration": 0.0006177169998409227,
                "start": 1775045923.925936,
                "stop": 1775045923.9267938,
                "retries": 0,
                "file_path": "test_outputs.py"
            },
            {
                "name": "test_outputs.py::test_layout_file",
                "status": "passed",
                "duration": 0.00041239900019718334,
                "start": 1775045923.9269586,
                "stop": 1775045923.9274848,
                "retries": 0,
                "file_path": "test_outputs.py"
            }
        ]
    }
}