{
    "results": {
        "tool": {
            "name": "pytest",
            "version": "8.4.1"
        },
        "summary": {
            "tests": 2,
            "passed": 2,
            "failed": 0,
            "skipped": 0,
            "pending": 0,
            "other": 0,
            "start": 1775021521.101943,
            "stop": 1775021521.1701229
        },
        "tests": [
            {
                "name": "test_outputs.py::test_about_file",
                "status": "passed",
                "duration": 0.0005936620000284165,
                "start": 1775021521.1684203,
                "stop": 1775021521.1692667,
                "retries": 0,
                "file_path": "test_outputs.py"
            },
            {
                "name": "test_outputs.py::test_layout_file",
                "status": "passed",
                "duration": 0.0004245789968990721,
                "start": 1775021521.1694324,
                "stop": 1775021521.169971,
                "retries": 0,
                "file_path": "test_outputs.py"
            }
        ]
    }
}