{
    "results": {
        "tool": {
            "name": "pytest",
            "version": "8.4.1"
        },
        "summary": {
            "tests": 1,
            "passed": 1,
            "failed": 0,
            "skipped": 0,
            "pending": 0,
            "other": 0,
            "start": 1775059909.8004525,
            "stop": 1775059909.8570776
        },
        "tests": [
            {
                "name": "test_outputs.py::test_json_data",
                "status": "passed",
                "duration": 0.0005498280079336837,
                "start": 1775059909.8561273,
                "stop": 1775059909.8569202,
                "retries": 0,
                "file_path": "test_outputs.py"
            }
        ]
    }
}