{
    "results": {
        "tool": {
            "name": "pytest",
            "version": "8.4.1"
        },
        "summary": {
            "tests": 2,
            "passed": 2,
            "failed": 0,
            "skipped": 0,
            "pending": 0,
            "other": 0,
            "start": 1775048733.8005483,
            "stop": 1775048733.8154473
        },
        "tests": [
            {
                "name": "test_outputs.py::test_output_file_exists",
                "status": "passed",
                "duration": 0.0004920900100842118,
                "start": 1775048733.8139238,
                "stop": 1775048733.814618,
                "retries": 0,
                "file_path": "test_outputs.py"
            },
            {
                "name": "test_outputs.py::test_output_is_correct",
                "status": "passed",
                "duration": 0.0003745640133274719,
                "start": 1775048733.8148012,
                "stop": 1775048733.815299,
                "retries": 0,
                "file_path": "test_outputs.py"
            }
        ]
    }
}