{
    "results": {
        "tool": {
            "name": "pytest",
            "version": "8.4.1"
        },
        "summary": {
            "tests": 1,
            "passed": 1,
            "failed": 0,
            "skipped": 0,
            "pending": 0,
            "other": 0,
            "start": 1775099927.7097445,
            "stop": 1775099928.8645427
        },
        "tests": [
            {
                "name": "test_outputs.py::test_api",
                "status": "passed",
                "duration": 1.1421694379896508,
                "start": 1775099927.7218995,
                "stop": 1775099928.8643596,
                "retries": 0,
                "file_path": "test_outputs.py"
            }
        ]
    }
}