{
    "results": {
        "tool": {
            "name": "pytest",
            "version": "8.4.1"
        },
        "summary": {
            "tests": 1,
            "passed": 1,
            "failed": 0,
            "skipped": 0,
            "pending": 0,
            "other": 0,
            "start": 1775079816.6247635,
            "stop": 1775079817.762076
        },
        "tests": [
            {
                "name": "test_outputs.py::test_api",
                "status": "passed",
                "duration": 1.1248426149995794,
                "start": 1775079816.6367657,
                "stop": 1775079817.7618825,
                "retries": 0,
                "file_path": "test_outputs.py"
            }
        ]
    }
}